Strategy_ID,Net_Profit,Drawdown,Win_Rate,SQN_Score,Ret_DD_Ratio,Category
SYN_0001,4991.28,1835.03,44.35,1.56,2.72,Bad
SYN_0002,3857.29,1714.35,43.38,1.37,2.25,Bad
SYN_0003,5368.48,2056.89,44.48,1.47,2.61,Bad
SYN_0004,12342.91,2448.99,57.91,2.94,5.04,Good
SYN_0005,4191.95,1676.78,38.13,1.29,2.5,Bad
SYN_0006,9081.53,2624.72,57.03,3.09,3.46,Good
SYN_0007,8367.15,2699.08,46.77,2.14,3.1,Medium
SYN_0008,11203.27,2593.35,58.24,2.68,4.32,Good
SYN_0009,4633.95,1868.53,38.9,1.39,2.48,Bad
SYN_0010,12912.14,2961.5,61.11,2.78,4.36,Good
SYN_0011,4467.46,1838.46,43.93,1.64,2.43,Bad
SYN_0012,16701.59,3591.74,57.47,3.04,4.65,Good
SYN_0013,15637.58,3197.87,60.59,3.15,4.89,Good
SYN_0014,4822.15,1806.05,42.36,1.56,2.67,Bad
SYN_0015,2997.32,1254.11,45.62,1.69,2.39,Bad
SYN_0016,8745.78,2587.51,47.65,2.26,3.38,Medium
SYN_0017,4185.85,1766.18,36.76,1.78,2.37,Bad
SYN_0018,13971.23,2928.98,57.96,2.72,4.77,Good
SYN_0019,4396.15,1677.92,43.69,1.25,2.62,Bad
SYN_0020,3981.27,1679.86,45.85,1.34,2.37,Bad
SYN_0021,5282.92,2055.61,43.68,1.82,2.57,Bad
SYN_0022,4851.52,1751.45,39.41,1.57,2.77,Bad
SYN_0023,4086.15,1761.27,43.57,1.56,2.32,Bad
SYN_0024,11070.57,3109.71,62.46,3.49,3.56,Good
SYN_0025,8020.88,2331.65,51.32,2.26,3.44,Medium
SYN_0026,12937.15,2920.35,59.58,3.48,4.43,Good
SYN_0027,5123.36,1876.69,40.36,1.28,2.73,Bad
SYN_0028,13555.79,2946.91,56.89,2.47,4.6,Good
SYN_0029,13691.93,2858.44,60.09,2.31,4.79,Good
SYN_0030,11572.39,2929.72,57.27,2.77,3.95,Good
SYN_0031,12707.92,2582.91,59.99,2.95,4.92,Good
SYN_0032,10048.73,2589.88,59.33,3.0,3.88,Good
SYN_0033,12851.1,2565.09,63.53,3.08,5.01,Good
SYN_0034,7850.08,2557.03,48.48,2.2,3.07,Medium
SYN_0035,12051.6,2420.0,61.85,3.06,4.98,Good
SYN_0036,4181.79,1787.09,41.0,1.66,2.34,Bad
SYN_0037,12905.17,3036.51,59.4,2.56,4.25,Good
SYN_0038,12208.04,3170.92,62.77,3.17,3.85,Good
SYN_0039,12785.04,3156.8,62.65,2.84,4.05,Good
SYN_0040,4478.81,1702.97,41.18,1.46,2.63,Bad
SYN_0041,3858.74,1581.45,42.73,1.85,2.44,Bad
SYN_0042,10822.5,2775.0,61.75,3.31,3.9,Good
SYN_0043,14709.75,3614.19,58.39,3.34,4.07,Good
SYN_0044,3333.41,1488.13,38.44,1.43,2.24,Bad
SYN_0045,4421.68,1556.93,42.09,1.5,2.84,Bad
SYN_0046,14630.34,3394.51,55.37,2.37,4.31,Good
SYN_0047,3767.35,1512.99,41.45,1.59,2.49,Bad
SYN_0048,15310.2,3285.45,54.98,3.39,4.66,Good
SYN_0049,11885.38,2823.13,58.58,3.0,4.21,Good
SYN_0050,3946.88,1610.97,43.3,1.42,2.45,Bad
SYN_0051,5320.42,1797.44,47.24,2.14,2.96,Medium
SYN_0052,4736.63,1774.02,40.5,1.91,2.67,Bad
SYN_0053,12878.1,3285.23,55.9,3.09,3.92,Good
SYN_0054,4894.34,1664.74,43.55,1.26,2.94,Bad
SYN_0055,11453.74,2416.4,65.88,2.75,4.74,Good
SYN_0056,14207.84,3075.29,58.59,3.08,4.62,Good
SYN_0057,14978.93,3626.86,60.19,2.48,4.13,Good
SYN_0058,3472.0,1405.67,44.14,1.69,2.47,Bad
SYN_0059,15228.72,2980.18,57.53,2.97,5.11,Good
SYN_0060,7966.74,2664.46,48.23,2.2,2.99,Medium
SYN_0061,7294.74,2164.61,51.1,2.19,3.37,Medium
SYN_0062,14438.82,3152.58,54.2,3.12,4.58,Good
SYN_0063,11250.6,3328.58,63.31,3.03,3.38,Good
SYN_0064,13461.24,3259.38,65.08,3.02,4.13,Good
SYN_0065,14890.19,3520.14,57.2,3.45,4.23,Good
SYN_0066,14696.39,3017.74,60.73,3.34,4.87,Good
SYN_0067,14150.5,3116.85,60.72,2.68,4.54,Good
SYN_0068,7726.9,2445.22,51.23,2.46,3.16,Medium
SYN_0069,10464.06,2812.92,60.57,3.45,3.72,Good
SYN_0070,4075.9,1670.45,43.41,1.67,2.44,Bad
SYN_0071,4744.36,1944.41,42.16,1.6,2.44,Bad
SYN_0072,7815.05,2658.18,49.72,2.22,2.94,Medium
SYN_0073,11909.59,2940.64,61.46,2.97,4.05,Good
SYN_0074,13050.67,2861.99,58.63,2.51,4.56,Good
SYN_0075,6169.23,2301.95,45.09,1.47,2.68,Bad
SYN_0076,7699.37,2361.77,49.56,1.94,3.26,Medium
SYN_0077,4169.61,1715.89,45.39,1.64,2.43,Bad
SYN_0078,11657.18,3292.99,56.9,3.29,3.54,Good
SYN_0079,7563.94,2299.07,50.51,2.19,3.29,Medium
SYN_0080,4688.03,1698.56,44.66,1.35,2.76,Bad
SYN_0081,6519.61,2076.31,49.06,2.26,3.14,Medium
SYN_0082,4949.95,1755.3,46.13,1.51,2.82,Bad
SYN_0083,4722.09,1788.67,40.22,1.59,2.64,Bad
SYN_0084,11764.6,2574.31,57.07,2.96,4.57,Good
SYN_0085,16979.2,3382.31,56.83,2.7,5.02,Good
SYN_0086,4241.02,1656.65,41.49,1.38,2.56,Bad
SYN_0087,14088.53,3223.92,55.32,2.5,4.37,Good
SYN_0088,7375.38,2569.82,50.05,2.02,2.87,Medium
SYN_0089,9578.14,2808.84,49.1,2.18,3.41,Medium
SYN_0090,10903.09,2375.4,55.74,2.65,4.59,Good
SYN_0091,14041.76,3127.34,55.96,3.17,4.49,Good
SYN_0092,4745.63,1839.39,44.14,1.42,2.58,Bad
SYN_0093,10723.16,2728.54,55.74,2.65,3.93,Good
SYN_0094,7730.96,2408.4,48.83,2.21,3.21,Medium
SYN_0095,10698.72,2822.88,58.67,2.78,3.79,Good
SYN_0096,12319.23,3004.69,54.02,3.04,4.1,Good
SYN_0097,4112.77,1685.56,43.68,1.9,2.44,Bad
SYN_0098,9566.47,2687.21,56.19,2.99,3.56,Good
SYN_0099,8493.99,2687.97,45.57,2.17,3.16,Medium
SYN_0100,6842.58,2319.52,49.83,2.16,2.95,Medium
SYN_0101,3750.58,1431.52,41.88,1.34,2.62,Bad
SYN_0102,4280.9,1627.72,41.76,1.41,2.63,Bad
SYN_0103,10873.89,2861.55,62.68,3.17,3.8,Good
SYN_0104,11938.31,2744.44,59.8,2.51,4.35,Good
SYN_0105,11584.86,2962.88,53.45,2.73,3.91,Good
SYN_0106,14859.49,3244.43,61.59,2.29,4.58,Good
SYN_0107,13773.06,3040.41,57.19,2.87,4.53,Good
SYN_0108,11977.44,3127.27,56.75,2.42,3.83,Good
SYN_0109,7365.54,2294.56,48.34,2.28,3.21,Medium
SYN_0110,4964.04,1866.18,45.6,1.38,2.66,Bad
SYN_0111,4634.32,1988.98,43.0,1.49,2.33,Bad
SYN_0112,8264.04,2542.78,49.43,2.16,3.25,Medium
SYN_0113,14807.68,3137.22,56.72,2.84,4.72,Good
SYN_0114,7580.24,2311.05,50.42,2.24,3.28,Medium
SYN_0115,7828.6,2662.79,46.79,2.07,2.94,Medium
SYN_0116,3979.47,1776.55,40.18,1.67,2.24,Bad
SYN_0117,5023.27,1846.79,43.6,1.57,2.72,Bad
SYN_0118,12017.21,2807.76,52.98,2.91,4.28,Good
SYN_0119,16173.7,3116.32,60.69,3.23,5.19,Good
SYN_0120,4164.17,1727.87,43.75,1.8,2.41,Bad
SYN_0121,7956.56,2326.48,50.19,1.93,3.42,Medium
SYN_0122,13855.51,3148.98,57.17,3.46,4.4,Good
SYN_0123,5741.25,1993.49,45.02,1.79,2.88,Bad
SYN_0124,7872.07,2705.18,52.1,2.27,2.91,Medium
SYN_0125,11921.27,2865.69,54.91,2.66,4.16,Good
SYN_0126,16160.75,3631.63,57.51,2.99,4.45,Good
SYN_0127,12137.49,3254.02,60.37,2.56,3.73,Good
SYN_0128,6903.56,2177.78,47.79,2.12,3.17,Medium
SYN_0129,13471.64,3254.02,56.76,2.61,4.14,Good
SYN_0130,7449.29,2250.54,51.05,2.3,3.31,Medium
SYN_0131,4403.6,1613.04,38.04,1.63,2.73,Bad
SYN_0132,3534.59,1536.78,41.27,1.37,2.3,Bad
SYN_0133,6621.41,2056.34,52.71,2.42,3.22,Medium
SYN_0134,12443.21,3166.21,56.93,2.81,3.93,Good
SYN_0135,4655.18,1997.93,45.22,1.81,2.33,Bad
SYN_0136,7309.33,2214.95,49.07,1.93,3.3,Medium
SYN_0137,14292.43,3443.96,56.06,2.96,4.15,Good
SYN_0138,4309.51,1818.36,45.3,1.73,2.37,Bad
SYN_0139,14868.81,2763.72,52.86,3.27,5.38,Good
SYN_0140,4410.42,1757.14,43.63,1.36,2.51,Bad
SYN_0141,5252.86,1910.13,41.08,1.5,2.75,Bad
SYN_0142,9954.92,2690.52,57.19,2.76,3.7,Good
SYN_0143,14669.34,2893.36,56.67,2.72,5.07,Good
SYN_0144,7565.26,2180.19,49.89,2.12,3.47,Medium
SYN_0145,3691.63,1470.77,38.59,1.54,2.51,Bad
SYN_0146,13384.44,3164.17,58.46,3.04,4.23,Good
SYN_0147,5225.28,1986.8,40.33,1.54,2.63,Bad
SYN_0148,10342.71,3096.62,58.87,2.56,3.34,Good
SYN_0149,14874.49,3240.63,59.62,2.48,4.59,Good
SYN_0150,4237.82,1736.81,39.72,1.83,2.44,Bad
SYN_0151,11397.04,3139.68,57.37,2.98,3.63,Good
SYN_0152,12221.7,3117.78,56.56,3.12,3.92,Good
SYN_0153,7635.37,2503.4,46.99,2.44,3.05,Medium
SYN_0154,4447.94,1837.99,41.12,1.66,2.42,Bad
SYN_0155,8177.99,2655.19,46.97,2.32,3.08,Medium
SYN_0156,4560.0,1838.71,39.48,1.62,2.48,Bad
SYN_0157,13925.2,2919.33,58.63,3.16,4.77,Good
SYN_0158,9982.08,2458.64,61.38,3.14,4.06,Good
SYN_0159,13365.64,3358.2,56.73,2.92,3.98,Good
SYN_0160,4321.87,1800.78,41.15,1.5,2.4,Bad
SYN_0161,16457.77,3435.86,62.82,2.96,4.79,Good
SYN_0162,13314.1,3155.0,54.12,2.67,4.22,Good
SYN_0163,9710.17,2528.69,57.5,3.26,3.84,Good
SYN_0164,5227.68,1921.94,43.54,1.7,2.72,Bad
SYN_0165,3362.98,1474.99,44.76,1.44,2.28,Bad
SYN_0166,4009.25,1766.19,43.28,1.66,2.27,Bad
SYN_0167,8831.4,2480.73,59.42,3.08,3.56,Good
SYN_0168,7238.81,2234.2,52.44,2.35,3.24,Medium
SYN_0169,5380.24,1978.03,44.11,1.35,2.72,Bad
SYN_0170,9396.74,2873.62,48.25,2.14,3.27,Medium
SYN_0171,14065.56,3560.9,53.36,3.09,3.95,Good
SYN_0172,12235.93,3398.87,55.89,2.8,3.6,Good
SYN_0173,14236.09,3613.22,50.83,3.13,3.94,Good
SYN_0174,7252.17,2553.58,49.97,2.01,2.84,Medium
SYN_0175,11479.06,3102.45,59.74,3.2,3.7,Good
SYN_0176,12426.14,2979.89,52.9,2.87,4.17,Good
SYN_0177,4272.07,1765.32,40.16,1.53,2.42,Bad
SYN_0178,4910.81,1956.5,41.3,1.59,2.51,Bad
SYN_0179,12884.59,3320.77,55.02,2.22,3.88,Good
SYN_0180,14208.3,3157.4,57.61,3.07,4.5,Good
SYN_0181,8873.86,2826.07,49.66,2.14,3.14,Medium
SYN_0182,6466.56,2155.52,50.04,2.26,3.0,Medium
SYN_0183,10106.24,2361.27,51.39,3.0,4.28,Good
SYN_0184,13436.23,3277.13,58.11,2.57,4.1,Good
SYN_0185,12457.53,3330.89,58.74,3.32,3.74,Good
SYN_0186,10677.41,2802.47,58.86,2.35,3.81,Good
SYN_0187,4249.88,1897.27,43.78,1.63,2.24,Bad
SYN_0188,15019.79,3258.09,63.38,3.08,4.61,Good
SYN_0189,4596.72,1728.09,39.98,1.32,2.66,Bad
SYN_0190,15619.33,2871.2,62.76,3.34,5.44,Good
SYN_0191,14078.63,3484.81,55.21,2.86,4.04,Good
SYN_0192,4038.66,1628.49,43.12,1.6,2.48,Bad
SYN_0193,7066.08,2324.37,53.51,2.18,3.04,Medium
SYN_0194,11813.14,2590.6,54.75,2.55,4.56,Good
SYN_0195,15259.54,3532.3,58.25,3.07,4.32,Good
SYN_0196,4985.23,1780.44,45.1,1.5,2.8,Bad
SYN_0197,14209.13,3375.09,54.31,3.22,4.21,Good
SYN_0198,11808.21,2727.07,60.68,2.82,4.33,Good
SYN_0199,10657.3,2651.07,60.57,2.86,4.02,Good
SYN_0200,3859.8,1594.96,44.61,1.49,2.42,Bad
SYN_0201,13498.89,3040.29,59.48,2.85,4.44,Good
SYN_0202,4275.48,1683.26,42.52,1.74,2.54,Bad
SYN_0203,8078.69,2581.05,49.41,2.14,3.13,Medium
SYN_0204,13132.62,3149.31,55.91,2.25,4.17,Good
SYN_0205,6353.94,2076.45,49.83,2.14,3.06,Medium
SYN_0206,5213.19,2044.39,38.92,1.78,2.55,Bad
SYN_0207,15410.38,3170.86,56.91,2.46,4.86,Good
SYN_0208,13067.92,3325.17,57.59,2.84,3.93,Good
SYN_0209,6913.58,2259.34,49.02,2.09,3.06,Medium
SYN_0210,14184.18,3426.13,55.07,3.35,4.14,Good
SYN_0211,8069.53,2663.21,53.45,2.19,3.03,Medium
SYN_0212,12815.64,2932.64,60.77,2.55,4.37,Good
SYN_0213,5407.36,1871.06,40.6,1.35,2.89,Bad
SYN_0214,7831.51,2518.17,53.5,2.3,3.11,Medium
SYN_0215,13292.13,3007.27,55.04,2.82,4.42,Good
SYN_0216,9527.61,3034.27,52.31,2.26,3.14,Medium
SYN_0217,4227.47,1806.61,45.69,1.57,2.34,Bad
SYN_0218,7796.91,2652.01,48.91,2.14,2.94,Medium
SYN_0219,8722.34,2506.42,50.88,2.23,3.48,Medium
SYN_0220,14357.82,3378.31,56.98,2.71,4.25,Good
SYN_0221,11238.02,2721.07,57.65,2.85,4.13,Good
SYN_0222,11840.17,2747.14,55.17,3.0,4.31,Good
SYN_0223,7168.04,2297.45,48.4,1.83,3.12,Medium
SYN_0224,13518.58,3218.71,58.46,2.65,4.2,Good
SYN_0225,7750.54,2516.41,49.41,1.97,3.08,Medium
SYN_0226,13555.66,3152.48,61.27,3.38,4.3,Good
SYN_0227,11351.3,2910.59,59.99,2.84,3.9,Good
SYN_0228,12711.96,2963.16,64.75,2.6,4.29,Good
SYN_0229,4112.11,1618.94,41.58,1.62,2.54,Bad
SYN_0230,8077.28,2556.1,53.62,2.05,3.16,Medium
SYN_0231,9487.36,2516.54,59.45,2.65,3.77,Good
SYN_0232,13349.15,3075.84,62.8,3.12,4.34,Good
SYN_0233,4927.9,1971.16,47.06,1.51,2.5,Bad
SYN_0234,9656.62,2438.54,57.61,3.17,3.96,Good
SYN_0235,12425.41,2944.41,60.31,2.75,4.22,Good
SYN_0236,3592.73,1596.77,42.08,1.13,2.25,Bad
SYN_0237,13568.41,3443.76,57.86,2.51,3.94,Good
SYN_0238,4333.39,1783.29,42.45,1.55,2.43,Bad
SYN_0239,5665.35,2023.34,44.23,1.24,2.8,Bad
SYN_0240,15782.57,3423.55,59.14,2.95,4.61,Good
SYN_0241,5144.13,1837.19,44.35,1.52,2.8,Bad
SYN_0242,9014.4,2715.18,50.23,2.5,3.32,Medium
SYN_0243,13980.15,3320.7,57.95,2.58,4.21,Good
SYN_0244,4985.51,1719.14,42.9,1.75,2.9,Bad
SYN_0245,10399.99,2773.33,58.17,2.8,3.75,Good
SYN_0246,4615.81,1761.76,41.15,1.64,2.62,Bad
SYN_0247,15330.4,3429.62,58.0,3.0,4.47,Good
SYN_0248,9713.18,2490.56,57.6,3.23,3.9,Good
SYN_0249,3468.88,1667.73,41.48,1.53,2.08,Bad
SYN_0250,12410.9,3064.42,60.07,2.58,4.05,Good
SYN_0251,15517.4,3625.56,59.88,2.79,4.28,Good
SYN_0252,12997.98,2856.7,63.54,2.83,4.55,Good
SYN_0253,14759.37,3279.86,57.65,2.62,4.5,Good
SYN_0254,11540.22,3021.0,55.89,2.64,3.82,Good
SYN_0255,10700.47,2964.12,59.48,2.76,3.61,Good
SYN_0256,13070.34,2898.08,60.47,2.7,4.51,Good
SYN_0257,13221.48,3240.56,53.46,3.27,4.08,Good
SYN_0258,3872.81,1536.83,42.39,1.52,2.52,Bad
SYN_0259,12303.79,2943.49,57.0,3.06,4.18,Good
SYN_0260,12062.79,3208.19,57.38,3.2,3.76,Good
SYN_0261,16004.69,3362.33,54.57,2.39,4.76,Good
SYN_0262,3902.46,1639.69,46.54,1.07,2.38,Bad
SYN_0263,8163.02,2519.45,50.28,2.23,3.24,Medium
SYN_0264,4585.84,1849.13,41.5,1.83,2.48,Bad
SYN_0265,11244.24,3047.22,63.54,3.01,3.69,Good
SYN_0266,11527.97,3175.75,58.07,2.71,3.63,Good
SYN_0267,4860.94,1855.32,40.72,1.38,2.62,Bad
SYN_0268,13826.73,2973.49,62.2,2.84,4.65,Good
SYN_0269,13247.78,2943.95,53.75,2.46,4.5,Good
SYN_0270,11424.43,2944.44,55.7,2.77,3.88,Good
SYN_0271,13809.53,3021.78,60.48,2.66,4.57,Good
SYN_0272,4012.24,1678.76,40.07,1.68,2.39,Bad
SYN_0273,9036.18,2665.54,49.72,2.08,3.39,Medium
SYN_0274,15272.84,3291.56,59.73,2.91,4.64,Good
SYN_0275,14757.7,3243.45,53.39,2.7,4.55,Good
SYN_0276,10939.28,2893.99,56.14,3.32,3.78,Good
SYN_0277,9063.85,2914.42,50.01,2.18,3.11,Medium
SYN_0278,4159.66,1873.72,43.56,1.7,2.22,Bad
SYN_0279,5408.64,2003.2,43.29,1.78,2.7,Bad
SYN_0280,9001.36,2752.71,49.86,2.15,3.27,Medium
SYN_0281,12443.85,2948.78,61.01,2.84,4.22,Good
SYN_0282,10800.25,2686.63,58.11,2.04,4.02,Good
SYN_0283,14532.32,3125.23,62.57,3.21,4.65,Good
SYN_0284,7715.54,2204.44,47.33,2.19,3.5,Medium
SYN_0285,8376.35,2693.36,50.32,2.15,3.11,Medium
SYN_0286,11985.74,3097.09,58.33,2.87,3.87,Good
SYN_0287,11676.13,2941.09,56.57,2.53,3.97,Good
SYN_0288,5267.27,1987.65,45.93,1.69,2.65,Bad
SYN_0289,14556.4,3241.96,58.02,2.54,4.49,Good
SYN_0290,4416.56,1538.87,44.02,1.7,2.87,Bad
SYN_0291,3970.44,1521.24,42.16,1.62,2.61,Bad
SYN_0292,12561.57,2742.7,59.7,3.12,4.58,Good
SYN_0293,10510.22,2840.6,61.02,2.8,3.7,Good
SYN_0294,4045.92,1873.11,40.29,1.91,2.16,Bad
SYN_0295,7385.55,2546.74,47.49,2.14,2.9,Medium
SYN_0296,13734.18,3333.54,59.58,2.48,4.12,Good
SYN_0297,12588.05,3448.78,61.41,2.7,3.65,Good
SYN_0298,9526.45,3024.27,45.52,2.06,3.15,Medium
SYN_0299,3743.98,1599.99,40.05,1.23,2.34,Bad
SYN_0300,12973.54,3118.64,52.23,3.06,4.16,Good
SYN_0301,13322.42,2816.58,54.98,3.04,4.73,Good
SYN_0302,10765.8,2855.65,57.79,3.07,3.77,Good
SYN_0303,9762.58,2569.1,58.81,2.66,3.8,Good
SYN_0304,10872.3,2899.28,57.53,2.99,3.75,Good
SYN_0305,6316.76,2064.3,47.0,2.34,3.06,Medium
SYN_0306,7506.37,2345.74,50.01,2.03,3.2,Medium
SYN_0307,14387.71,3155.2,61.81,2.75,4.56,Good
SYN_0308,8028.12,2382.23,48.11,2.2,3.37,Medium
SYN_0309,12203.68,3066.25,55.71,2.26,3.98,Good
SYN_0310,8797.2,2564.78,47.31,2.06,3.43,Medium
SYN_0311,11915.64,3203.13,55.76,2.48,3.72,Good
SYN_0312,5132.66,1893.97,40.31,1.55,2.71,Bad
SYN_0313,9035.62,2886.78,50.95,1.78,3.13,Medium
SYN_0314,11832.38,2995.54,56.03,2.68,3.95,Good
SYN_0315,13660.44,2810.79,58.0,2.78,4.86,Good
SYN_0316,15870.82,2977.64,59.29,2.96,5.33,Good
SYN_0317,7364.6,2430.56,52.41,2.03,3.03,Medium
SYN_0318,13841.03,3022.06,57.85,3.03,4.58,Good
SYN_0319,8408.5,2402.43,50.09,2.27,3.5,Medium
SYN_0320,4458.21,1769.13,42.43,1.63,2.52,Bad
SYN_0321,5304.03,2164.91,43.96,1.34,2.45,Bad
SYN_0322,13184.35,3279.69,63.59,3.12,4.02,Good
SYN_0323,8213.06,2728.59,51.19,2.16,3.01,Medium
SYN_0324,11398.6,2688.35,58.41,3.08,4.24,Good
SYN_0325,10124.55,2995.43,56.22,3.1,3.38,Good
SYN_0326,3489.85,1390.38,39.36,1.7,2.51,Bad
SYN_0327,4875.88,1779.52,41.4,1.61,2.74,Bad
SYN_0328,7125.53,2508.99,48.37,2.08,2.84,Medium
SYN_0329,12419.93,2809.94,57.76,2.78,4.42,Good
SYN_0330,14721.9,2932.65,59.15,3.27,5.02,Good
SYN_0331,5517.55,2224.82,44.05,1.59,2.48,Bad
SYN_0332,12321.94,2738.21,57.57,2.59,4.5,Good
SYN_0333,5173.91,1821.8,45.62,1.57,2.84,Bad
SYN_0334,15076.59,3235.32,60.0,2.62,4.66,Good
SYN_0335,11362.23,2805.49,53.37,2.49,4.05,Good
SYN_0336,13062.84,3110.2,58.94,3.14,4.2,Good
SYN_0337,4784.52,1929.24,42.02,1.54,2.48,Bad
SYN_0338,3992.5,1629.59,45.89,1.74,2.45,Bad
SYN_0339,12628.02,3527.38,58.25,2.6,3.58,Good
SYN_0340,7781.21,2559.61,49.77,2.25,3.04,Medium
SYN_0341,7130.06,2249.23,51.16,2.15,3.17,Medium
SYN_0342,3430.49,1405.94,40.09,1.51,2.44,Bad
SYN_0343,7095.66,2252.59,47.06,1.89,3.15,Medium
SYN_0344,9966.41,2562.06,63.25,2.61,3.89,Good
SYN_0345,4950.1,1987.99,40.52,1.65,2.49,Bad
SYN_0346,3830.48,1520.03,46.68,1.33,2.52,Bad
SYN_0347,11511.06,3188.66,53.54,2.63,3.61,Good
SYN_0348,3845.79,1629.57,44.15,1.27,2.36,Bad
SYN_0349,11297.68,2896.84,57.37,2.8,3.9,Good
SYN_0350,4320.76,1554.23,42.07,1.43,2.78,Bad
SYN_0351,4427.25,1564.4,39.59,1.42,2.83,Bad
SYN_0352,13920.83,3275.49,56.23,3.11,4.25,Good
SYN_0353,7533.28,2519.49,51.7,2.19,2.99,Medium
SYN_0354,3664.32,1489.56,47.25,1.93,2.46,Bad
SYN_0355,14125.19,2876.82,61.58,2.97,4.91,Good
SYN_0356,6607.9,2152.41,48.56,2.14,3.07,Medium
SYN_0357,11336.01,2785.26,57.79,2.81,4.07,Good
SYN_0358,4932.93,1761.76,37.95,1.54,2.8,Bad
SYN_0359,8730.03,2613.78,47.82,2.14,3.34,Medium
SYN_0360,12040.92,2711.92,58.05,2.97,4.44,Good
SYN_0361,12222.77,2903.27,61.47,2.79,4.21,Good
SYN_0362,7421.46,2269.56,49.5,2.2,3.27,Medium
SYN_0363,4149.02,1553.94,43.75,1.58,2.67,Bad
SYN_0364,11201.89,2725.52,55.18,3.17,4.11,Good
SYN_0365,12135.52,2802.66,56.61,2.78,4.33,Good
SYN_0366,15207.35,3553.12,63.49,2.56,4.28,Good
SYN_0367,7136.26,2410.9,47.9,2.07,2.96,Medium
SYN_0368,11518.59,2440.38,55.29,2.48,4.72,Good
SYN_0369,9323.11,2702.35,55.02,2.7,3.45,Good
SYN_0370,12617.96,2941.25,58.32,2.41,4.29,Good
SYN_0371,14027.07,3262.11,54.22,2.87,4.3,Good
SYN_0372,8661.77,2624.78,49.97,2.14,3.3,Medium
SYN_0373,13874.73,2860.77,52.77,2.7,4.85,Good
SYN_0374,7336.36,2126.48,51.83,2.25,3.45,Medium
SYN_0375,7044.14,2355.9,49.04,2.05,2.99,Medium
SYN_0376,5323.46,1928.79,42.75,1.46,2.76,Bad
SYN_0377,3997.0,1561.33,41.09,1.49,2.56,Bad
SYN_0378,3906.46,1514.13,40.16,1.59,2.58,Bad
SYN_0379,7500.2,2525.32,50.32,2.38,2.97,Medium
SYN_0380,13089.71,2981.71,56.93,2.78,4.39,Good
SYN_0381,11870.2,2667.46,58.11,2.57,4.45,Good
SYN_0382,7571.6,2419.04,49.27,2.13,3.13,Medium
SYN_0383,5462.13,2092.77,44.68,1.61,2.61,Bad
SYN_0384,9680.7,2711.68,51.47,2.11,3.57,Medium
SYN_0385,12082.3,2559.81,61.01,2.82,4.72,Good
SYN_0386,12815.53,3058.6,53.63,2.9,4.19,Good
SYN_0387,12941.47,3059.45,54.27,3.07,4.23,Good
SYN_0388,4720.4,1794.83,42.6,1.4,2.63,Bad
SYN_0389,13157.15,3248.68,57.61,2.81,4.05,Good
SYN_0390,4521.02,1899.59,40.35,1.73,2.38,Bad
SYN_0391,13017.06,3006.25,54.29,2.7,4.33,Good
SYN_0392,3702.64,1429.59,41.49,1.95,2.59,Bad
SYN_0393,13475.74,3335.58,59.23,3.02,4.04,Good
SYN_0394,11045.04,2648.69,58.49,2.68,4.17,Good
SYN_0395,13184.46,2962.8,56.52,2.95,4.45,Good
SYN_0396,8165.39,2408.67,50.61,2.04,3.39,Medium
SYN_0397,13662.0,3162.5,58.72,3.39,4.32,Good
SYN_0398,13091.3,2948.49,56.35,3.15,4.44,Good
SYN_0399,9574.06,2918.92,48.15,2.02,3.28,Medium
SYN_0400,5327.94,2073.13,43.07,1.58,2.57,Bad
SYN_0401,4770.9,1767.0,40.62,1.41,2.7,Bad
SYN_0402,4093.93,1664.2,45.06,1.53,2.46,Bad
SYN_0403,4166.79,1714.73,45.42,1.37,2.43,Bad
SYN_0404,15845.08,2928.85,57.04,2.4,5.41,Good
SYN_0405,3720.07,1576.3,40.64,1.44,2.36,Bad
SYN_0406,4364.61,1767.05,41.96,1.63,2.47,Bad
SYN_0407,3489.1,1321.63,41.23,1.43,2.64,Bad
SYN_0408,12367.33,3237.52,61.85,2.4,3.82,Good
SYN_0409,10074.82,2284.54,61.13,3.15,4.41,Good
SYN_0410,12061.02,2864.85,58.65,3.3,4.21,Good
SYN_0411,11754.44,3126.18,52.49,2.98,3.76,Good
SYN_0412,3524.82,1330.12,42.36,1.55,2.65,Bad
SYN_0413,13352.08,3638.17,55.14,2.83,3.67,Good
SYN_0414,9783.56,2787.34,55.98,3.09,3.51,Good
SYN_0415,13917.89,3038.84,61.16,3.12,4.58,Good
SYN_0416,13303.0,2660.6,57.78,2.8,5.0,Good
SYN_0417,5980.22,1954.32,47.66,2.29,3.06,Medium
SYN_0418,11564.73,3043.35,56.01,2.6,3.8,Good
SYN_0419,10527.62,2876.4,55.46,2.44,3.66,Good
SYN_0420,7983.22,2626.06,49.8,2.07,3.04,Medium
SYN_0421,15732.17,3326.04,59.11,2.75,4.73,Good
SYN_0422,7180.63,2323.83,52.47,1.9,3.09,Medium
SYN_0423,10497.29,2505.32,57.76,2.74,4.19,Good
SYN_0424,11401.0,2836.07,61.51,3.27,4.02,Good
SYN_0425,13615.62,3059.69,54.86,3.19,4.45,Good
SYN_0426,10595.06,2825.35,61.96,2.54,3.75,Good
SYN_0427,8131.6,2719.6,52.4,2.2,2.99,Medium
SYN_0428,10809.72,2649.44,53.21,2.59,4.08,Good
SYN_0429,7467.71,2269.82,47.53,2.24,3.29,Medium
SYN_0430,12543.77,3159.64,55.48,2.36,3.97,Good
SYN_0431,11465.46,2582.31,56.23,3.88,4.44,Good
SYN_0432,12310.25,3140.37,57.76,2.78,3.92,Good
SYN_0433,9394.12,2917.43,61.06,2.86,3.22,Good
SYN_0434,11908.76,2700.4,55.13,3.2,4.41,Good
SYN_0435,4022.46,1621.96,41.13,1.64,2.48,Bad
SYN_0436,5933.96,1926.61,47.74,2.09,3.08,Medium
SYN_0437,11031.08,3064.19,58.53,3.14,3.6,Good
SYN_0438,8080.08,2433.76,48.41,2.29,3.32,Medium
SYN_0439,14508.97,3446.31,59.33,3.12,4.21,Good
SYN_0440,10404.02,2882.0,54.83,2.8,3.61,Good
SYN_0441,13918.28,3099.84,58.3,3.24,4.49,Good
SYN_0442,3538.15,1468.11,40.85,1.46,2.41,Bad
SYN_0443,11593.46,2965.08,56.56,2.81,3.91,Good
SYN_0444,13173.16,3077.84,55.94,3.12,4.28,Good
SYN_0445,5258.18,2190.91,39.26,1.74,2.4,Bad
SYN_0446,8511.3,2895.0,48.95,2.23,2.94,Medium
SYN_0447,7024.8,2341.6,49.36,1.91,3.0,Medium
SYN_0448,7773.61,2515.73,46.46,2.19,3.09,Medium
SYN_0449,7130.85,2307.72,48.85,2.26,3.09,Medium
SYN_0450,12765.64,2996.63,57.14,2.82,4.26,Good
SYN_0451,4640.64,1675.32,44.2,1.83,2.77,Bad
SYN_0452,11657.02,3238.06,56.14,3.17,3.6,Good
SYN_0453,4686.55,2046.53,48.82,1.33,2.29,Bad
SYN_0454,14869.13,3150.24,57.92,3.17,4.72,Good
SYN_0455,3896.77,1658.2,40.53,1.8,2.35,Bad
SYN_0456,3866.75,1798.49,42.7,1.12,2.15,Bad
SYN_0457,14212.26,3561.97,58.57,2.81,3.99,Good
SYN_0458,7624.68,2483.61,49.15,2.09,3.07,Medium
SYN_0459,7897.13,2531.13,50.49,2.14,3.12,Medium
SYN_0460,7569.65,2372.93,50.63,2.5,3.19,Medium
SYN_0461,11397.06,2726.57,56.64,2.77,4.18,Good
SYN_0462,7305.71,2356.68,47.51,2.24,3.1,Medium
SYN_0463,4614.86,1654.07,41.0,1.47,2.79,Bad
SYN_0464,14052.01,3418.98,61.1,2.44,4.11,Good
SYN_0465,10314.7,2743.27,58.2,2.47,3.76,Good
SYN_0466,12036.71,3094.27,56.49,3.1,3.89,Good
SYN_0467,4396.91,1704.23,47.99,1.22,2.58,Bad
SYN_0468,12054.76,2475.31,54.95,3.3,4.87,Good
SYN_0469,10291.09,2598.76,56.09,3.01,3.96,Good
SYN_0470,11972.36,2970.81,58.42,2.38,4.03,Good
SYN_0471,6734.98,2091.61,49.81,2.04,3.22,Medium
SYN_0472,7214.53,2334.8,50.43,2.02,3.09,Medium
SYN_0473,3980.64,1502.13,46.62,1.22,2.65,Bad
SYN_0474,7751.83,2430.04,50.56,2.12,3.19,Medium
SYN_0475,11229.62,2814.44,57.74,2.74,3.99,Good
SYN_0476,17522.49,3191.71,54.96,2.89,5.49,Good
SYN_0477,3603.82,1501.59,43.84,1.69,2.4,Bad
SYN_0478,4056.88,1726.33,41.67,1.3,2.35,Bad
SYN_0479,15749.71,3227.4,55.17,2.45,4.88,Good
SYN_0480,3861.92,1563.53,43.79,1.46,2.47,Bad
SYN_0481,10010.97,2394.97,54.68,2.48,4.18,Good
SYN_0482,13738.54,3209.94,54.1,2.93,4.28,Good
SYN_0483,7701.65,2299.0,51.49,1.96,3.35,Medium
SYN_0484,15081.46,3188.47,56.85,2.88,4.73,Good
SYN_0485,7199.11,2278.2,49.2,1.99,3.16,Medium
SYN_0486,12912.45,2712.7,52.45,2.97,4.76,Good
SYN_0487,7239.87,2413.29,53.16,1.95,3.0,Medium
SYN_0488,4383.8,1767.66,45.87,1.41,2.48,Bad
SYN_0489,3947.71,1456.72,44.58,1.59,2.71,Bad
SYN_0490,12866.08,2827.71,64.48,2.35,4.55,Good
SYN_0491,8100.63,2579.82,49.32,2.43,3.14,Medium
SYN_0492,10024.64,2702.06,60.76,2.91,3.71,Good
SYN_0493,11935.74,3084.17,56.39,2.4,3.87,Good
SYN_0494,13597.88,3035.24,57.55,2.66,4.48,Good
SYN_0495,4810.78,1886.58,40.22,1.67,2.55,Bad
SYN_0496,10590.92,2862.41,62.0,2.89,3.7,Good
SYN_0497,7718.26,2331.8,52.18,2.35,3.31,Medium
SYN_0498,8307.92,2572.11,48.99,2.16,3.23,Medium
SYN_0499,11522.95,3048.4,54.62,2.77,3.78,Good
SYN_0500,4600.94,1825.77,43.56,1.68,2.52,Bad
SYN_0501,4389.42,1688.24,40.72,1.6,2.6,Bad
SYN_0502,10713.31,2895.49,59.51,2.91,3.7,Good
SYN_0503,5083.79,1828.7,44.45,1.44,2.78,Bad
SYN_0504,5713.62,2223.2,41.57,1.75,2.57,Bad
SYN_0505,4750.73,1766.07,40.76,1.76,2.69,Bad
SYN_0506,11735.39,2926.53,55.17,2.63,4.01,Good
SYN_0507,14604.4,2932.61,57.1,3.2,4.98,Good
SYN_0508,4382.9,1760.2,42.6,1.47,2.49,Bad
SYN_0509,3858.5,1699.78,40.35,1.54,2.27,Bad
SYN_0510,13893.69,3164.85,60.29,2.93,4.39,Good
SYN_0511,13527.98,2903.0,56.28,2.85,4.66,Good
SYN_0512,4731.68,1892.67,42.23,1.44,2.5,Bad
SYN_0513,4790.09,1686.65,38.76,1.94,2.84,Bad
SYN_0514,12658.81,3606.5,59.15,2.99,3.51,Good
SYN_0515,8937.43,2659.95,57.64,2.26,3.36,Good
SYN_0516,12967.66,3058.41,62.98,3.04,4.24,Good
SYN_0517,11642.44,2970.01,59.7,3.29,3.92,Good
SYN_0518,12369.0,2779.55,60.32,3.45,4.45,Good
SYN_0519,14052.02,3245.27,51.84,2.43,4.33,Good
SYN_0520,12244.49,2679.32,60.5,2.53,4.57,Good
SYN_0521,6984.66,2282.57,48.85,2.37,3.06,Medium
SYN_0522,6151.74,1875.53,47.94,2.2,3.28,Medium
SYN_0523,15607.66,3334.97,58.13,3.21,4.68,Good
SYN_0524,11009.75,2991.78,61.41,2.43,3.68,Good
SYN_0525,4416.96,1802.84,43.78,1.37,2.45,Bad
SYN_0526,11791.41,2508.81,58.55,3.17,4.7,Good
SYN_0527,6297.91,2164.23,49.23,2.28,2.91,Medium
SYN_0528,13897.35,3381.35,56.78,2.44,4.11,Good
SYN_0529,5120.92,1977.19,38.09,1.61,2.59,Bad
SYN_0530,3335.87,1361.58,45.31,1.6,2.45,Bad
SYN_0531,11116.98,2678.79,58.47,2.84,4.15,Good
SYN_0532,18226.24,3451.94,57.43,2.98,5.28,Good
SYN_0533,14381.44,3059.88,52.75,2.75,4.7,Good
SYN_0534,12964.32,2806.13,59.17,3.15,4.62,Good
SYN_0535,4485.88,1861.36,43.21,1.3,2.41,Bad
SYN_0536,8926.32,2688.65,59.05,3.37,3.32,Good
SYN_0537,14803.57,3403.12,55.64,3.05,4.35,Good
SYN_0538,4051.73,1607.83,47.23,1.8,2.52,Bad
SYN_0539,8543.01,2746.95,48.87,2.19,3.11,Medium
SYN_0540,4278.59,1633.05,43.08,1.51,2.62,Bad
SYN_0541,13226.22,3281.94,61.82,2.75,4.03,Good
SYN_0542,16342.73,3664.29,58.56,3.19,4.46,Good
SYN_0543,10750.2,2654.37,60.21,2.96,4.05,Good
SYN_0544,11474.62,3068.08,57.21,2.76,3.74,Good
SYN_0545,3833.41,1404.18,44.75,1.42,2.73,Bad
SYN_0546,13360.22,3165.93,58.86,2.48,4.22,Good
SYN_0547,12708.9,3033.15,59.94,2.93,4.19,Good
SYN_0548,11844.54,3175.48,55.47,2.84,3.73,Good
SYN_0549,12394.79,2797.92,55.31,2.67,4.43,Good
SYN_0550,4751.58,1900.63,43.79,1.53,2.5,Bad
SYN_0551,14891.19,2841.83,54.52,2.94,5.24,Good
SYN_0552,15266.25,3362.61,61.27,2.87,4.54,Good
SYN_0553,11740.66,2808.77,62.43,2.72,4.18,Good
SYN_0554,13304.21,3716.26,57.83,3.22,3.58,Good
SYN_0555,4467.9,1673.37,41.77,1.55,2.67,Bad
SYN_0556,8531.8,2569.82,49.18,2.23,3.32,Medium
SYN_0557,10840.42,3398.25,56.73,2.86,3.19,Good
SYN_0558,3788.52,1787.04,40.93,1.77,2.12,Bad
SYN_0559,4578.33,1714.73,43.5,1.52,2.67,Bad
SYN_0560,11796.11,3439.1,62.12,2.55,3.43,Good
SYN_0561,3878.16,1708.44,45.05,1.3,2.27,Bad
SYN_0562,12075.85,2619.49,58.91,2.86,4.61,Good
SYN_0563,4153.45,1641.68,43.22,1.42,2.53,Bad
SYN_0564,10952.99,2731.42,61.02,2.18,4.01,Good
SYN_0565,12238.76,2900.18,57.68,2.98,4.22,Good
SYN_0566,3608.36,1618.1,39.25,1.39,2.23,Bad
SYN_0567,7062.41,2285.57,50.07,2.07,3.09,Medium
SYN_0568,6802.12,2139.03,50.9,2.09,3.18,Medium
SYN_0569,18217.01,3960.22,57.76,3.31,4.6,Good
SYN_0570,14200.09,3242.03,61.13,2.87,4.38,Good
SYN_0571,4850.95,1865.75,39.08,1.75,2.6,Bad
SYN_0572,7189.47,2246.71,48.94,2.31,3.2,Medium
SYN_0573,15943.12,3335.38,57.86,3.5,4.78,Good
SYN_0574,7389.96,2179.93,50.47,1.86,3.39,Medium
SYN_0575,4191.45,1656.7,47.08,1.31,2.53,Bad
SYN_0576,13247.84,3192.25,58.3,2.22,4.15,Good
SYN_0577,9573.85,2493.19,57.29,2.41,3.84,Good
SYN_0578,10573.46,2511.51,57.56,2.31,4.21,Good
SYN_0579,7260.19,2261.74,47.48,2.28,3.21,Medium
SYN_0580,11310.08,2718.77,55.74,2.54,4.16,Good
SYN_0581,10856.08,2734.53,55.92,2.72,3.97,Good
SYN_0582,7653.94,2355.06,51.82,2.34,3.25,Medium
SYN_0583,3079.63,1362.67,47.43,1.54,2.26,Bad
SYN_0584,12422.75,2971.95,59.54,3.26,4.18,Good
SYN_0585,8705.77,2622.22,47.16,2.0,3.32,Medium
SYN_0586,4303.28,1973.98,42.26,1.67,2.18,Bad
SYN_0587,8324.88,2729.47,49.01,2.05,3.05,Medium
SYN_0588,12144.15,2926.3,53.37,2.92,4.15,Good
SYN_0589,10341.04,2757.61,59.92,2.45,3.75,Good
SYN_0590,14244.07,3063.24,62.46,2.48,4.65,Good
SYN_0591,4985.97,1839.84,44.14,1.57,2.71,Bad
SYN_0592,6966.32,2410.49,51.55,2.37,2.89,Medium
SYN_0593,4550.75,1827.61,40.31,1.58,2.49,Bad
SYN_0594,10339.98,2912.67,64.71,2.6,3.55,Good
SYN_0595,12742.47,3242.36,63.48,2.88,3.93,Good
SYN_0596,7866.59,2497.33,49.09,1.92,3.15,Medium
SYN_0597,8577.86,2723.13,47.89,2.32,3.15,Medium
SYN_0598,11509.34,2906.4,54.84,2.55,3.96,Good
SYN_0599,8043.95,2415.6,49.76,2.17,3.33,Medium
SYN_0600,11522.73,2736.99,59.15,2.82,4.21,Good
SYN_0601,3717.03,1637.46,45.37,1.43,2.27,Bad
SYN_0602,4291.86,1751.78,42.23,1.6,2.45,Bad
SYN_0603,9745.13,2376.86,60.11,2.82,4.1,Good
SYN_0604,11779.02,2974.5,58.81,2.68,3.96,Good
SYN_0605,4164.79,1659.28,38.25,1.57,2.51,Bad
SYN_0606,4754.54,1828.67,46.88,1.69,2.6,Bad
SYN_0607,15022.89,2968.95,57.8,2.14,5.06,Good
SYN_0608,10388.2,2822.88,61.24,3.34,3.68,Good
SYN_0609,4404.4,1720.47,38.33,1.47,2.56,Bad
SYN_0610,10010.23,3080.07,62.17,3.22,3.25,Good
SYN_0611,11763.3,3016.23,57.21,2.16,3.9,Good
SYN_0612,13291.16,2798.14,56.43,3.03,4.75,Good
SYN_0613,15438.11,3075.32,56.51,2.66,5.02,Good
SYN_0614,4632.19,1768.01,43.0,1.72,2.62,Bad
SYN_0615,16078.29,3171.26,57.02,3.19,5.07,Good
SYN_0616,3742.48,1479.24,43.49,1.45,2.53,Bad
SYN_0617,11754.86,2946.08,61.17,3.09,3.99,Good
SYN_0618,7860.98,2577.37,50.85,1.99,3.05,Medium
SYN_0619,8292.97,2632.69,50.84,2.37,3.15,Medium
SYN_0620,12540.52,2889.52,59.5,2.62,4.34,Good
SYN_0621,3936.41,1568.29,42.89,1.75,2.51,Bad
SYN_0622,4920.81,1656.84,39.99,1.5,2.97,Bad
SYN_0623,7275.13,2316.92,51.11,1.99,3.14,Medium
SYN_0624,7859.36,2456.05,52.25,2.19,3.2,Medium
SYN_0625,7817.3,2458.27,51.66,2.11,3.18,Medium
SYN_0626,5182.41,1744.92,44.56,1.37,2.97,Bad
SYN_0627,4009.99,1699.15,41.5,1.39,2.36,Bad
SYN_0628,4237.91,1681.71,39.75,1.36,2.52,Bad
SYN_0629,10580.84,3066.91,57.33,3.04,3.45,Good
SYN_0630,9369.76,2747.73,60.76,2.65,3.41,Good
SYN_0631,14190.02,3239.73,57.65,3.02,4.38,Good
SYN_0632,12576.06,3045.05,58.37,2.79,4.13,Good
SYN_0633,4826.21,1761.39,44.99,1.64,2.74,Bad
SYN_0634,12636.52,3074.58,59.3,2.64,4.11,Good
SYN_0635,8950.84,2704.18,50.55,2.04,3.31,Medium
SYN_0636,12486.76,3068.0,55.99,2.75,4.07,Good
SYN_0637,7286.85,2404.9,51.22,2.11,3.03,Medium
SYN_0638,12160.51,3340.8,55.64,2.73,3.64,Good
SYN_0639,12773.6,3026.92,56.37,3.24,4.22,Good
SYN_0640,5080.66,1954.1,43.29,1.27,2.6,Bad
SYN_0641,10163.77,2553.71,59.98,2.45,3.98,Good
SYN_0642,10973.38,3135.25,57.62,2.88,3.5,Good
SYN_0643,14108.19,3177.52,55.86,2.67,4.44,Good
SYN_0644,12979.86,2897.29,54.87,2.27,4.48,Good
SYN_0645,5323.03,2063.19,42.99,1.45,2.58,Bad
SYN_0646,13087.12,3499.23,58.49,2.98,3.74,Good
SYN_0647,12350.85,2990.52,52.81,2.71,4.13,Good
SYN_0648,13098.89,3218.4,56.83,2.83,4.07,Good
SYN_0649,8242.35,2641.78,50.13,1.84,3.12,Medium
SYN_0650,6460.64,2025.28,52.05,2.12,3.19,Medium
SYN_0651,7610.66,2400.84,50.6,2.11,3.17,Medium
SYN_0652,8216.0,2766.33,50.2,2.26,2.97,Medium
SYN_0653,5408.17,2048.55,43.93,1.27,2.64,Bad
SYN_0654,3240.4,1169.82,42.26,1.38,2.77,Bad
SYN_0655,4391.4,1829.75,47.61,1.48,2.4,Bad
SYN_0656,12311.0,3124.62,60.15,2.93,3.94,Good
SYN_0657,11558.58,3074.09,59.43,2.68,3.76,Good
SYN_0658,6842.09,2506.26,46.58,2.3,2.73,Medium
SYN_0659,10768.03,2886.87,60.69,2.39,3.73,Good
SYN_0660,8437.06,2383.35,50.53,2.06,3.54,Medium
SYN_0661,7682.08,2385.74,47.45,2.25,3.22,Medium
SYN_0662,12815.24,2822.74,54.53,2.85,4.54,Good
SYN_0663,16144.44,3486.92,58.13,2.84,4.63,Good
SYN_0664,12053.98,3098.71,59.15,2.21,3.89,Good
SYN_0665,13896.42,3201.94,54.88,3.2,4.34,Good
SYN_0666,3636.74,1581.19,42.18,1.13,2.3,Bad
SYN_0667,8352.36,2703.03,48.52,2.13,3.09,Medium
SYN_0668,14484.37,3666.93,56.86,2.54,3.95,Good
SYN_0669,10968.6,2894.09,57.73,2.91,3.79,Good
SYN_0670,13785.65,2996.88,55.65,2.82,4.6,Good
SYN_0671,12381.01,3012.41,58.44,2.51,4.11,Good
SYN_0672,9703.85,2812.71,57.31,3.52,3.45,Good
SYN_0673,14215.3,3252.93,59.79,3.52,4.37,Good
SYN_0674,14927.26,3354.44,64.55,3.23,4.45,Good
SYN_0675,12577.7,2839.21,60.24,3.06,4.43,Good
SYN_0676,12034.62,2639.17,59.22,3.11,4.56,Good
SYN_0677,3685.35,1370.02,45.04,1.7,2.69,Bad
SYN_0678,5264.97,2140.23,41.59,1.79,2.46,Bad
SYN_0679,11201.38,2758.96,61.12,2.54,4.06,Good
SYN_0680,15654.68,3143.51,57.86,2.72,4.98,Good
SYN_0681,10645.35,2838.76,56.66,3.4,3.75,Good
SYN_0682,7359.76,2314.39,48.81,2.09,3.18,Medium
SYN_0683,12394.77,3052.9,60.57,2.49,4.06,Good
SYN_0684,11550.92,2750.22,57.05,2.82,4.2,Good
SYN_0685,13340.03,3501.32,56.87,2.82,3.81,Good
SYN_0686,11444.85,2980.43,63.44,3.29,3.84,Good
SYN_0687,14165.77,3271.54,62.7,2.93,4.33,Good
SYN_0688,15169.97,3487.35,54.55,2.88,4.35,Good
SYN_0689,13751.69,3022.35,57.92,3.04,4.55,Good
SYN_0690,7772.79,2377.0,48.0,2.19,3.27,Medium
SYN_0691,7570.03,2280.13,46.53,2.14,3.32,Medium
SYN_0692,6580.37,2178.93,48.11,2.14,3.02,Medium
SYN_0693,7629.81,2399.31,52.44,1.98,3.18,Medium
SYN_0694,12861.03,3019.02,62.28,2.92,4.26,Good
SYN_0695,4970.95,1875.83,40.67,1.46,2.65,Bad
SYN_0696,12349.11,2858.59,58.39,3.05,4.32,Good
SYN_0697,3725.5,1460.98,43.16,1.24,2.55,Bad
SYN_0698,8908.7,2635.71,52.09,2.52,3.38,Medium
SYN_0699,8021.51,2453.06,50.04,2.48,3.27,Medium
SYN_0700,11496.57,2776.95,55.53,2.95,4.14,Good
SYN_0701,3797.57,1550.03,43.07,1.34,2.45,Bad
SYN_0702,7430.2,2579.93,47.82,2.14,2.88,Medium
SYN_0703,3455.67,1476.78,42.5,1.3,2.34,Bad
SYN_0704,12981.82,3337.23,58.41,3.14,3.89,Good
SYN_0705,13143.38,3085.3,54.57,2.74,4.26,Good
SYN_0706,8470.5,2706.23,49.89,2.17,3.13,Medium
SYN_0707,14574.85,3397.4,58.49,3.37,4.29,Good
SYN_0708,17888.8,3433.55,55.76,2.98,5.21,Good
SYN_0709,14523.14,3293.23,63.98,3.02,4.41,Good
SYN_0710,13723.01,2913.59,57.23,2.87,4.71,Good
SYN_0711,10726.64,3091.25,61.12,2.92,3.47,Good
SYN_0712,8506.11,2633.47,47.85,2.49,3.23,Medium
SYN_0713,17855.08,3535.66,57.41,2.75,5.05,Good
SYN_0714,7419.73,2269.03,51.54,2.14,3.27,Medium
SYN_0715,4352.08,1892.21,43.47,1.7,2.3,Bad
SYN_0716,8348.47,2560.88,48.66,2.17,3.26,Medium
SYN_0717,4591.94,1752.65,42.77,1.62,2.62,Bad
SYN_0718,15085.85,3216.6,52.94,3.16,4.69,Good
SYN_0719,5861.33,2063.85,40.92,1.55,2.84,Bad
SYN_0720,14468.35,3165.94,59.61,2.89,4.57,Good
SYN_0721,10555.23,2685.81,60.34,2.78,3.93,Good
SYN_0722,10193.14,2492.21,54.37,2.98,4.09,Good
SYN_0723,6911.73,2367.03,50.87,2.09,2.92,Medium
SYN_0724,4537.7,1712.34,42.55,1.4,2.65,Bad
SYN_0725,5535.58,2035.14,44.06,1.71,2.72,Bad
SYN_0726,4184.77,1585.14,41.27,1.67,2.64,Bad
SYN_0727,10892.72,2723.18,57.84,2.43,4.0,Good
SYN_0728,8150.99,2433.13,52.51,1.98,3.35,Medium
SYN_0729,4479.24,1828.26,42.05,1.22,2.45,Bad
SYN_0730,5564.18,2131.87,42.49,1.6,2.61,Bad
SYN_0731,11786.81,2819.81,61.29,3.24,4.18,Good
SYN_0732,12780.31,3661.98,58.63,2.94,3.49,Good
SYN_0733,16022.57,3401.82,60.68,3.1,4.71,Good
SYN_0734,3997.53,1638.33,41.83,1.55,2.44,Bad
SYN_0735,9125.65,2629.87,50.04,2.12,3.47,Medium
SYN_0736,3680.97,1454.93,43.24,1.32,2.53,Bad
SYN_0737,12816.06,3354.99,54.48,3.22,3.82,Good
SYN_0738,15029.21,3170.72,59.89,3.35,4.74,Good
SYN_0739,7270.47,2286.31,54.66,1.97,3.18,Medium
SYN_0740,7801.33,2430.32,46.2,2.29,3.21,Medium
SYN_0741,14291.11,3154.77,59.5,3.03,4.53,Good
SYN_0742,13802.45,3020.23,56.35,3.09,4.57,Good
SYN_0743,4373.53,1763.52,46.6,1.74,2.48,Bad
SYN_0744,5334.15,1975.61,43.0,1.34,2.7,Bad
SYN_0745,11623.23,3340.01,58.74,2.55,3.48,Good
SYN_0746,7607.44,2298.32,51.36,2.13,3.31,Medium
SYN_0747,13296.91,2841.22,58.99,3.01,4.68,Good
SYN_0748,12324.11,3432.9,55.44,2.85,3.59,Good
SYN_0749,12800.33,3265.39,55.63,2.99,3.92,Good
SYN_0750,4351.28,1867.5,42.98,1.44,2.33,Bad
SYN_0751,4121.31,1890.51,40.11,1.69,2.18,Bad
SYN_0752,4220.99,1681.67,43.14,1.61,2.51,Bad
SYN_0753,8797.5,2801.75,46.64,2.27,3.14,Medium
SYN_0754,13760.44,3085.3,57.53,2.98,4.46,Good
SYN_0755,10819.92,3339.48,60.41,3.25,3.24,Good
SYN_0756,10409.47,3336.37,60.09,2.46,3.12,Good
SYN_0757,4519.34,1758.5,43.68,1.39,2.57,Bad
SYN_0758,4491.09,1669.55,43.41,1.69,2.69,Bad
SYN_0759,7423.81,2364.27,52.49,2.17,3.14,Medium
SYN_0760,14127.02,3005.75,56.96,3.14,4.7,Good
SYN_0761,15117.7,3097.89,56.4,2.48,4.88,Good
SYN_0762,4923.79,2026.25,41.4,1.85,2.43,Bad
SYN_0763,8252.9,2636.71,48.2,2.09,3.13,Medium
SYN_0764,11979.17,3144.14,54.93,2.72,3.81,Good
SYN_0765,4748.12,1869.34,40.37,1.66,2.54,Bad
SYN_0766,15680.28,3742.31,58.65,2.72,4.19,Good
SYN_0767,10964.9,2818.74,60.99,2.52,3.89,Good
SYN_0768,4584.1,2064.91,38.01,1.56,2.22,Bad
SYN_0769,15123.39,3080.12,56.58,3.08,4.91,Good
SYN_0770,13369.19,2773.69,61.38,3.14,4.82,Good
SYN_0771,7428.91,2350.92,47.51,2.07,3.16,Medium
SYN_0772,10130.19,2752.77,52.79,2.69,3.68,Good
SYN_0773,10652.26,2738.37,62.35,3.43,3.89,Good
SYN_0774,7371.99,2310.97,47.35,2.32,3.19,Medium
SYN_0775,16278.72,3658.14,55.18,2.31,4.45,Good
SYN_0776,7289.96,2359.21,50.52,2.19,3.09,Medium
SYN_0777,4423.96,1755.54,45.4,1.73,2.52,Bad
SYN_0778,15121.41,3210.49,56.64,2.66,4.71,Good
SYN_0779,14608.35,3161.98,58.43,2.92,4.62,Good
SYN_0780,12811.96,3345.16,57.94,3.13,3.83,Good
SYN_0781,11461.66,2690.53,64.62,2.87,4.26,Good
SYN_0782,12051.34,2975.64,58.16,3.09,4.05,Good
SYN_0783,8717.3,2448.68,52.09,2.32,3.56,Medium
SYN_0784,16113.69,3350.04,56.76,3.05,4.81,Good
SYN_0785,13268.84,2675.17,56.94,2.73,4.96,Good
SYN_0786,4452.72,1619.17,43.47,1.5,2.75,Bad
SYN_0787,8261.46,2691.03,48.32,2.05,3.07,Medium
SYN_0788,16065.7,3562.24,54.86,3.11,4.51,Good
SYN_0789,3625.6,1328.06,41.34,1.64,2.73,Bad
SYN_0790,13997.28,3225.18,57.09,3.1,4.34,Good
SYN_0791,12176.0,3204.21,57.3,2.99,3.8,Good
SYN_0792,13132.1,3011.95,52.87,2.76,4.36,Good
SYN_0793,7600.81,2345.93,50.98,2.17,3.24,Medium
SYN_0794,4312.83,1732.06,41.52,1.37,2.49,Bad
SYN_0795,13696.94,2806.75,59.57,2.57,4.88,Good
SYN_0796,4482.35,1771.68,41.51,1.38,2.53,Bad
SYN_0797,4487.58,1787.88,44.07,1.65,2.51,Bad
SYN_0798,4625.91,1688.29,44.82,1.59,2.74,Bad
SYN_0799,4264.5,1705.8,42.1,1.42,2.5,Bad
SYN_0800,13831.34,3216.59,55.09,2.94,4.3,Good
SYN_0801,4505.99,1885.35,41.1,1.41,2.39,Bad
SYN_0802,6266.2,2237.93,47.71,2.04,2.8,Medium
SYN_0803,5014.02,1771.74,42.82,1.49,2.83,Bad
SYN_0804,7449.18,2349.9,50.79,2.32,3.17,Medium
SYN_0805,8077.69,2341.36,60.36,2.65,3.45,Good
SYN_0806,12267.65,3029.05,62.13,2.89,4.05,Good
SYN_0807,12728.01,3331.94,59.87,2.55,3.82,Good
SYN_0808,13052.48,3263.12,58.47,3.01,4.0,Good
SYN_0809,7771.85,2246.2,45.87,2.12,3.46,Medium
SYN_0810,4533.34,1912.8,43.59,1.53,2.37,Bad
SYN_0811,7383.48,2264.87,50.55,2.37,3.26,Medium
SYN_0812,18630.16,3756.08,58.77,2.64,4.96,Good
SYN_0813,3678.17,1620.34,43.4,1.65,2.27,Bad
SYN_0814,5316.93,1852.59,44.42,1.64,2.87,Bad
SYN_0815,13559.69,3606.3,56.38,2.85,3.76,Good
SYN_0816,4846.74,1815.26,41.51,1.58,2.67,Bad
SYN_0817,5649.15,2123.74,44.35,1.7,2.66,Bad
SYN_0818,4601.35,1716.92,38.26,1.65,2.68,Bad
SYN_0819,4160.08,1677.45,42.31,1.69,2.48,Bad
SYN_0820,11341.67,2503.68,56.91,2.65,4.53,Good
SYN_0821,5931.47,1957.58,49.59,2.09,3.03,Medium
SYN_0822,4889.75,1752.6,45.59,1.86,2.79,Bad
SYN_0823,6396.75,2146.56,47.65,2.29,2.98,Medium
SYN_0824,10274.89,2792.09,57.89,2.55,3.68,Good
SYN_0825,4067.96,1458.05,43.56,1.44,2.79,Bad
SYN_0826,14350.69,3466.35,59.63,2.65,4.14,Good
SYN_0827,14652.93,3157.96,60.01,3.44,4.64,Good
SYN_0828,15125.08,3288.06,60.94,2.61,4.6,Good
SYN_0829,7103.59,2146.1,50.28,2.3,3.31,Medium
SYN_0830,8218.75,2315.14,51.07,2.23,3.55,Medium
SYN_0831,7854.6,2358.74,50.33,2.15,3.33,Medium
SYN_0832,7933.27,2550.89,51.83,2.08,3.11,Medium
SYN_0833,4056.35,1572.23,43.69,1.92,2.58,Bad
SYN_0834,11117.26,2704.93,59.79,3.33,4.11,Good
SYN_0835,7476.31,2205.4,47.45,2.2,3.39,Medium
SYN_0836,12117.12,3014.21,59.09,2.29,4.02,Good
SYN_0837,5123.94,1810.58,47.37,1.52,2.83,Bad
SYN_0838,11597.03,2600.23,61.25,3.26,4.46,Good
SYN_0839,13771.92,3115.82,57.13,2.73,4.42,Good
SYN_0840,14105.0,3053.03,58.07,2.56,4.62,Good
SYN_0841,12353.29,2920.4,50.65,3.07,4.23,Good
SYN_0842,3655.32,1498.08,46.28,1.59,2.44,Bad
SYN_0843,7884.86,2389.35,50.7,2.29,3.3,Medium
SYN_0844,4556.9,1645.09,46.63,1.43,2.77,Bad
SYN_0845,4177.33,1619.12,41.54,1.49,2.58,Bad
SYN_0846,3947.35,1651.61,39.84,1.78,2.39,Bad
SYN_0847,15729.23,2865.07,61.88,2.92,5.49,Good
SYN_0848,14126.98,2943.12,56.6,2.35,4.8,Good
SYN_0849,4633.79,1775.4,42.63,1.78,2.61,Bad
SYN_0850,10474.51,2854.09,53.78,2.56,3.67,Good
SYN_0851,5840.49,2007.04,42.53,1.6,2.91,Bad
SYN_0852,5979.79,1941.49,49.21,2.35,3.08,Medium
SYN_0853,14201.65,3162.95,55.58,3.06,4.49,Good
SYN_0854,10117.2,2898.91,59.48,3.07,3.49,Good
SYN_0855,5691.98,2214.78,43.37,1.4,2.57,Bad
SYN_0856,11782.66,2931.01,61.73,2.85,4.02,Good
SYN_0857,3929.04,1888.96,43.99,1.54,2.08,Bad
SYN_0858,3837.16,1528.75,45.44,1.65,2.51,Bad
SYN_0859,4402.99,1667.8,46.37,1.54,2.64,Bad
SYN_0860,6532.67,2184.84,51.19,2.16,2.99,Medium
SYN_0861,13983.84,3353.44,59.43,2.56,4.17,Good
SYN_0862,14483.14,3314.22,57.28,2.76,4.37,Good
SYN_0863,14072.81,3000.6,56.16,2.62,4.69,Good
SYN_0864,15109.06,3457.45,52.06,2.64,4.37,Good
SYN_0865,4371.61,1727.91,44.47,1.63,2.53,Bad
SYN_0866,7684.09,2454.98,49.0,2.06,3.13,Medium
SYN_0867,7872.69,2400.21,49.1,2.26,3.28,Medium
SYN_0868,4729.27,1777.92,41.29,1.43,2.66,Bad
SYN_0869,15406.87,3408.6,59.59,3.05,4.52,Good
SYN_0870,16771.63,3735.33,62.01,3.02,4.49,Good
SYN_0871,7948.18,2358.51,44.09,2.13,3.37,Medium
SYN_0872,5118.85,1999.55,40.49,1.57,2.56,Bad
SYN_0873,9927.43,2804.36,60.68,2.83,3.54,Good
SYN_0874,8207.38,2682.15,47.71,1.95,3.06,Medium
SYN_0875,12525.54,3062.48,55.81,2.76,4.09,Good
SYN_0876,12815.3,3244.38,59.7,2.94,3.95,Good
SYN_0877,13831.33,2869.57,54.22,2.53,4.82,Good
SYN_0878,13608.81,3024.18,56.28,3.29,4.5,Good
SYN_0879,4577.13,1733.76,41.26,1.27,2.64,Bad
SYN_0880,12390.4,3128.89,56.04,2.89,3.96,Good
SYN_0881,4508.71,1734.12,44.33,1.42,2.6,Bad
SYN_0882,7686.96,2512.08,48.49,2.18,3.06,Medium
SYN_0883,3970.75,1718.94,41.47,1.34,2.31,Bad
SYN_0884,7214.19,2396.74,52.24,2.28,3.01,Medium
SYN_0885,7450.24,2292.38,47.21,2.05,3.25,Medium
SYN_0886,7184.47,2217.43,47.79,2.07,3.24,Medium
SYN_0887,12921.92,2936.8,61.69,2.76,4.4,Good
SYN_0888,11111.31,2863.74,60.02,3.17,3.88,Good
SYN_0889,12726.15,3103.94,61.86,2.61,4.1,Good
SYN_0890,10048.59,3008.56,57.16,2.83,3.34,Good
SYN_0891,3902.6,1518.52,43.38,1.52,2.57,Bad
SYN_0892,13689.18,3055.62,54.95,2.71,4.48,Good
SYN_0893,11387.92,2897.69,62.34,2.7,3.93,Good
SYN_0894,9743.8,3582.28,52.57,3.02,2.72,Good
SYN_0895,13903.45,3263.72,61.85,2.61,4.26,Good
SYN_0896,3918.19,1856.96,42.43,1.64,2.11,Bad
SYN_0897,9340.05,2882.73,60.09,2.65,3.24,Good
SYN_0898,12788.95,2417.57,54.67,2.32,5.29,Good
SYN_0899,5131.84,1704.93,50.63,2.19,3.01,Medium
SYN_0900,13479.96,3369.99,62.19,3.14,4.0,Good
SYN_0901,4591.34,1772.72,42.47,1.59,2.59,Bad
SYN_0902,6689.33,2150.91,50.14,2.0,3.11,Medium
SYN_0903,7717.77,2457.89,51.0,2.13,3.14,Medium
SYN_0904,4573.9,1706.68,40.51,1.56,2.68,Bad
SYN_0905,13712.42,3166.84,58.84,2.93,4.33,Good
SYN_0906,10259.36,2735.83,59.04,2.79,3.75,Good
SYN_0907,14290.46,3581.57,52.81,2.91,3.99,Good
SYN_0908,6754.93,2104.34,49.69,2.1,3.21,Medium
SYN_0909,12618.5,3026.02,59.01,2.36,4.17,Good
SYN_0910,12897.05,2958.04,60.62,2.87,4.36,Good
SYN_0911,11896.0,2873.43,63.8,2.91,4.14,Good
SYN_0912,14126.46,3232.6,59.02,2.92,4.37,Good
SYN_0913,11068.05,2859.96,61.38,2.64,3.87,Good
SYN_0914,3920.01,1640.17,41.53,1.59,2.39,Bad
SYN_0915,12947.32,3150.2,56.86,2.66,4.11,Good
SYN_0916,4441.94,1657.44,43.94,1.57,2.68,Bad
SYN_0917,11552.07,2831.39,56.69,2.77,4.08,Good
SYN_0918,4433.07,1944.33,41.95,1.69,2.28,Bad
SYN_0919,6323.79,1933.88,49.04,2.16,3.27,Medium
SYN_0920,3684.11,1522.36,43.57,1.4,2.42,Bad
SYN_0921,4732.5,1863.19,39.56,1.39,2.54,Bad
SYN_0922,16896.72,3483.86,62.02,2.86,4.85,Good
SYN_0923,12965.29,3065.08,53.77,2.78,4.23,Good
SYN_0924,7150.07,2220.52,48.33,2.09,3.22,Medium
SYN_0925,7060.55,2486.11,52.24,2.03,2.84,Medium
SYN_0926,13738.81,2999.74,60.39,2.96,4.58,Good
SYN_0927,13807.09,3359.39,59.66,3.56,4.11,Good
SYN_0928,15666.82,3576.9,55.16,3.0,4.38,Good
SYN_0929,17078.95,3543.35,56.75,3.03,4.82,Good
SYN_0930,5127.12,2002.78,42.62,1.3,2.56,Bad
SYN_0931,6304.86,1854.37,51.49,2.1,3.4,Medium
SYN_0932,7702.13,2445.12,49.81,2.01,3.15,Medium
SYN_0933,4755.22,1704.38,42.43,1.13,2.79,Bad
SYN_0934,4876.58,1927.5,41.32,1.53,2.53,Bad
SYN_0935,18456.5,3508.84,54.73,2.92,5.26,Good
SYN_0936,12830.4,2970.0,54.78,2.35,4.32,Good
SYN_0937,9464.22,2530.54,61.56,2.36,3.74,Good
SYN_0938,7320.75,2490.05,49.7,1.94,2.94,Medium
SYN_0939,13133.07,3179.92,57.27,3.62,4.13,Good
SYN_0940,4065.8,1522.77,41.67,1.3,2.67,Bad
SYN_0941,17188.13,3324.59,54.58,2.42,5.17,Good
SYN_0942,7902.86,2549.31,49.11,1.91,3.1,Medium
SYN_0943,12137.15,2727.45,60.68,2.76,4.45,Good
SYN_0944,3089.23,1506.94,48.15,1.85,2.05,Bad
SYN_0945,10925.81,3194.68,58.52,2.98,3.42,Good
SYN_0946,3359.88,1394.14,40.36,1.55,2.41,Bad
SYN_0947,11587.81,3329.83,59.95,2.61,3.48,Good
SYN_0948,12616.71,2553.99,56.6,2.64,4.94,Good
SYN_0949,12789.09,2698.12,64.31,2.92,4.74,Good
SYN_0950,12478.31,2895.2,55.95,2.82,4.31,Good
SYN_0951,9356.05,2657.97,62.82,2.97,3.52,Good
SYN_0952,13082.94,2789.54,64.69,2.69,4.69,Good
SYN_0953,5616.64,2095.76,40.33,1.49,2.68,Bad
SYN_0954,9530.83,2501.53,57.32,2.84,3.81,Good
SYN_0955,16620.95,3506.53,61.01,2.53,4.74,Good
SYN_0956,11960.23,3074.61,54.24,3.01,3.89,Good
SYN_0957,8630.53,2631.26,49.05,2.43,3.28,Medium
SYN_0958,11215.12,2853.72,64.61,3.24,3.93,Good
SYN_0959,14630.63,3434.42,62.62,2.88,4.26,Good
SYN_0960,12418.91,3089.28,54.61,2.85,4.02,Good
SYN_0961,11759.54,3038.64,60.26,3.51,3.87,Good
SYN_0962,12793.73,3038.89,56.92,2.47,4.21,Good
SYN_0963,14532.08,3166.03,60.06,2.98,4.59,Good
SYN_0964,15384.84,3114.34,60.35,2.56,4.94,Good
SYN_0965,4458.76,1819.9,46.96,1.39,2.45,Bad
SYN_0966,10959.97,2854.16,59.34,2.94,3.84,Good
SYN_0967,4425.71,1875.3,41.77,1.7,2.36,Bad
SYN_0968,7761.91,2418.04,45.57,1.9,3.21,Medium
SYN_0969,11454.31,2849.33,53.89,2.72,4.02,Good
SYN_0970,11059.73,2572.03,61.46,2.63,4.3,Good
SYN_0971,4247.66,1846.81,41.85,1.57,2.3,Bad
SYN_0972,5138.83,1848.5,47.14,1.48,2.78,Bad
SYN_0973,15299.69,3415.11,56.53,2.14,4.48,Good
SYN_0974,4404.83,1769.01,46.23,1.3,2.49,Bad
SYN_0975,14028.94,2953.46,57.24,2.72,4.75,Good
SYN_0976,4565.35,1783.34,41.99,1.6,2.56,Bad
SYN_0977,13572.79,3077.73,55.72,2.74,4.41,Good
SYN_0978,12404.79,2981.92,63.09,3.07,4.16,Good
SYN_0979,4284.85,1741.81,41.93,1.44,2.46,Bad
SYN_0980,10532.42,2714.54,62.29,2.99,3.88,Good
SYN_0981,6957.3,2134.14,48.3,2.35,3.26,Medium
SYN_0982,14080.44,3328.71,62.77,2.61,4.23,Good
SYN_0983,12896.4,2878.66,63.7,2.81,4.48,Good
SYN_0984,6835.53,2248.53,48.56,2.12,3.04,Medium
SYN_0985,9999.6,2570.59,57.76,2.98,3.89,Good
SYN_0986,11546.75,2816.28,61.09,2.69,4.1,Good
SYN_0987,9672.73,2803.69,59.12,3.14,3.45,Good
SYN_0988,7734.27,2432.16,52.79,2.31,3.18,Medium
SYN_0989,14354.96,3369.71,61.29,3.06,4.26,Good
SYN_0990,8860.02,2260.21,59.7,3.01,3.92,Good
SYN_0991,10473.66,2778.16,59.51,2.44,3.77,Good
SYN_0992,6419.19,2090.94,51.51,2.27,3.07,Medium
SYN_0993,3688.14,1624.73,37.88,1.36,2.27,Bad
SYN_0994,9211.62,2709.3,49.92,2.19,3.4,Medium
SYN_0995,12424.97,2773.43,61.18,3.15,4.48,Good
SYN_0996,13425.87,3211.93,49.87,2.16,4.18,Good
SYN_0997,9691.42,2722.31,55.16,2.56,3.56,Good
SYN_0998,8471.88,2590.79,49.49,2.3,3.27,Medium
SYN_0999,3770.18,1611.19,42.31,1.41,2.34,Bad
SYN_1000,15345.67,3223.88,58.36,2.96,4.76,Good
